<?xml version="1.0" encoding="utf-8"?>
<ckplayer>
	<!--基本配置-->
	<config>
		<fullInteractive>true</fullInteractive><!--是否开启交互功能-->
		<delay>30</delay><!--延迟加载视频，单位：毫秒-->
		<timeFrequency>100</timeFrequency><!--计算当前播放时间和加载量的时间频率，单位：毫秒-->
		<autoLoad>true</autoLoad><!--视频是否自动加载-->
		<loadNext>0</loadNext><!--多段视频预加载的段数，设置成0则全部加载-->
		<definition>true</definition><!--是否使用清晰度组件-->
		<subtitle>false</subtitle><!--是否使用多字幕切换组件-->
		<playbackRate>true</playbackRate><!--是否使用多字幕切换组件-->
		<smartRemove>true</smartRemove><!--是否使用智能清理，使用该功能则在多段时当前播放段之前的段都会被清除出内存，减少对内存的使用-->
		<bufferTime>200</bufferTime><!--缓存区的长度，单位：毫秒,不要小于100-->
		<rtmpBufferTime>0</rtmpBufferTime><!--rtmp视频缓存区长度，单位：毫秒-->
		<click>true</click><!--是否支持屏幕单击暂停-->
		<doubleClick>true</doubleClick><!--是否支持屏幕双击全屏-->
		<doubleClickInterval>200</doubleClickInterval><!--判断双击的标准，即二次单击间隔的时间差之内判断为是双击，单位：毫秒-->
		<keyDown>
			<space>true</space><!--是否启用空格键切换播放/暂停-->
			<left>true</left>
			<right>true</right>
			<up>true</up>
			<down>true</down>
		</keyDown>
		<timeJump>10</timeJump><!--快进快退时的秒数-->
		<volumeJump>0.1</volumeJump><!--音量调整的数量，大于0小于1的小数-->
		<timeScheduleAdjust>1</timeScheduleAdjust><!--是否可调节调节栏,0不启用，1是启用，2是只能前进（向右拖动），3是只能后退，4是只能前进但能回到第一次拖动时的位置，5是看过的地方可以随意拖动-->
		<previewDefaultLoad>true</previewDefaultLoad><!--预览图片是否默认加载，优点是鼠标第一次经过进度条即可显示预览图片-->
		<promptSpotTime>false</promptSpotTime><!--提示点文字是否在前面加上对应时间-->
		<buttonMode>
			<player>false</player><!--鼠标在播放器上是否显示可点击形态-->
			<controlBar>false</controlBar><!--鼠标在控制栏上是否显示可点击形态-->
			<timeSchedule>true</timeSchedule><!--鼠标在时间进度条上是否显示可点击形态-->
			<volumeSchedule>true</volumeSchedule><!--鼠标在音量调节栏上是否显示可点击形态-->
		</buttonMode>
		<liveAndVod><!--直播+点播=时移功能-->
			<open>false</open><!--是否开启，开启该功能需要设置flashvars里live=true-->
			<vodTime>2</vodTime><!--可以回看的整点数-->
			<start>start</start><!--回看请求参数-->
		</liveAndVod>
		<usehardwareeecoder>false</usehardwareeecoder><!--是否采用硬件加速，只针对flashplayer有效-->
		<errorNum>1</errorNum><!--错误重连次数-->
		<playCorrect>false</playCorrect><!--错误修正-->
		<timeCorrect>true</timeCorrect><!--http视频播放时间错误纠正，有些因为视频格式的问题导致视频没有实际播放结束视频文件就返回了stop命令-->
		<m3u8Definition><!--m3u8自动清晰度时按关键字来进行判断-->
			<!--<tags>110k</tags>
			<tags>200k</tags>
			<tags>400k</tags>
			<tags>600k</tags>
			<tags>800k</tags>
			<tags>1000k</tags>-->
		</m3u8Definition>
		<m3u8MaxBufferLength>30</m3u8MaxBufferLength><!--m3u8每次缓冲时间，单位：秒数-->
		<split>,</split><!--当视频地址采用字符形式并且需要使用逗号或其它符号来切割数组里定义-->
		<timeStamp></timeStamp><!--一个地址，用来请求当前时间戳，用于播放器内部时间效准-->
		<addCallback>adPlay,adPause,playOrPause,videoPlay,videoPause,videoMute,videoEscMute,videoClear,changeVolume,fastBack,fastNext,videoSeek,newVideo,getMetaDate,videoRotation,videoBrightness,videoContrast,videoSaturation,videoHue,videoZoom,videoProportion,videoError,addListener,removeListener,addElement,getElement,deleteElement,elementShow,animate,animateResume,animatePause,deleteAnimate,changeConfig,getConfig,openUrl,fullScreen,quitFullScreen,switchFull,screenshot,custom,changeControlBarShow,getCurrentSrc,changeDefinition,changeSubtitles</addCallback>
	</config>
	<menu>
		<ckkey></ckkey>
		<name></name>
		<link></link>
		<domain></domain>
		<version></version>
		<more></more>
	</menu>
	<languagePath></languagePath>
	<stylePath></stylePath>
	<style>
		<video><!--视频的默认比例-->
			<defaultWidth>4</defaultWidth>
			<defaultHeight>3</defaultHeight>
		</video>
	</style>
	<!--做为前端flashvars的补充-->
	<flashvars></flashvars>
</ckplayer>